CASE_ID,ACCIDENT_YEAR,PROC_DATE,JURIS,COLLISION_DATE,COLLISION_TIME,OFFICER_ID,REPORTING_DISTRICT,DAY_OF_WEEK,CHP_SHIFT,POPULATION,CNTY_CITY_LOC,SPECIAL_COND,BEAT_TYPE,CHP_BEAT_TYPE,CITY_DIVISION_LAPD,CHP_BEAT_CLASS,BEAT_NUMBER,PRIMARY_RD,SECONDARY_RD,DISTANCE,DIRECTION,INTERSECTION,WEATHER_1,WEATHER_2,STATE_HWY_IND,CALTRANS_COUNTY,CALTRANS_DISTRICT,STATE_ROUTE,ROUTE_SUFFIX,POSTMILE_PREFIX,POSTMILE,LOCATION_TYPE,RAMP_INTERSECTION,SIDE_OF_HWY,TOW_AWAY,COLLISION_SEVERITY,NUMBER_KILLED,NUMBER_INJURED,PARTY_COUNT,PRIMARY_COLL_FACTOR,PCF_CODE_OF_VIOL,PCF_VIOL_CATEGORY,PCF_VIOLATION,PCF_VIOL_SUBSECTION,HIT_AND_RUN,TYPE_OF_COLLISION,MVIW,PED_ACTION,ROAD_SURFACE,ROAD_COND_1,ROAD_COND_2,LIGHTING,CONTROL_DEVICE,CHP_ROAD_TYPE,PEDESTRIAN_ACCIDENT,BICYCLE_ACCIDENT,MOTORCYCLE_ACCIDENT,TRUCK_ACCIDENT,NOT_PRIVATE_PROPERTY,ALCOHOL_INVOLVED,STWD_VEHTYPE_AT_FAULT,CHP_VEHTYPE_AT_FAULT,COUNT_SEVERE_INJ,COUNT_VISIBLE_INJ,COUNT_COMPLAINT_PAIN,COUNT_PED_KILLED,COUNT_PED_INJURED,COUNT_BICYCLIST_KILLED,COUNT_BICYCLIST_INJURED,COUNT_MC_KILLED,COUNT_MC_INJURED,PRIMARY_RAMP,SECONDARY_RAMP,LATITUDE,LONGITUDE,COUNTY,CITY,POINT_X,POINT_Y
4469827,2009,8/4/2010,1942,10/24/2009,1330,34959,765,6,5,7,1942,0,0,0,G,0,8T35,VENICE BL,SAN VICENTE BL,277,W,N,A,-,N,,,,,,,,,,N,3,0,1,3,A,-,8,22107,,N,H,G,A,A,H,-,A,D,0,,Y,,,Y,,A,7,0,1,0,0,0,0,1,0,0,- ,- ,,,LOS ANGELES,LOS ANGELES,-118.3378916,34.0471294
4474313,2009,7/21/2010,1942,10/24/2009,1855,32774,1526,6,5,7,1942,0,0,0,O,0,10T39,LANKERSHIM BL,SYLVAN ST,100,N,N,A,-,N,,,,,,,,,,N,4,0,1,2,A,-,5,21650,1,F,D,G,A,A,H,-,C,D,0,,Y,,,Y,,L,4,0,0,1,0,0,0,1,0,0,- ,- ,,,LOS ANGELES,LOS ANGELES,-118.3868785,34.18513076
4476218,2009,7/22/2010,1942,10/24/2009,20,26874,721,6,5,7,1942,0,0,0,G,0,8TL35,BEVERLY BL,GEORGE BURNS RD,0,,Y,A,-,N,,,,,,,,,,N,3,0,1,2,A,-,9,21802,A,N,D,G,A,A,H,-,C,A,0,,Y,,,Y,,A,1,0,1,0,0,0,0,1,0,0,- ,- ,,,LOS ANGELES,LOS ANGELES,-118.38173,34.07683
4442762,2009,7/22/2010,1942,10/25/2009,1210,34959,2088,7,5,7,1942,0,0,0,,0,7T23,VENICE BL,HOOVER ST,0,,Y,A,-,N,,,,,,,,,,N,2,0,2,3,A,-,12,21453,A,F,D,G,A,A,H,-,A,A,0,,Y,,Y,Y,,L,4,1,0,1,0,0,0,1,0,0,- ,- ,,,LOS ANGELES,LOS ANGELES,-118.28415,34.04376
4455705,2009,7/8/2010,1942,10/25/2009,1415,32996,269,7,5,7,1942,0,0,0,B,0,2TL28,8TH ST,GREEN AV,0,,Y,A,-,N,,,,,,,,,,Y,2,0,1,2,A,-,9,21802,A,N,D,C,A,A,H,-,A,A,0,,Y,,,Y,,A,1,1,0,0,0,0,0,1,0,0,- ,- ,,,LOS ANGELES,LOS ANGELES,-118.27105,34.05176
4476214,2009,8/4/2010,1942,10/25/2009,1700,37770,706,7,5,7,1942,0,0,0,G,0,7TL72,MELROSE AV,LA BREA AV,9,W,N,A,-,N,,,,,,,,,,N,4,0,1,2,A,-,4,21703,,N,C,G,A,A,H,-,A,D,0,,Y,,,Y,,L,4,0,0,1,0,0,0,1,0,0,- ,- ,,,LOS ANGELES,LOS ANGELES,-118.3441018,34.08342544
4522190,2009,11/23/2010,1942,10/25/2009,1500,33978,515,7,5,7,1942,0,0,0,E,0,18T23,PACIFIC COAST HWY,AVALON BL,150,W,N,A,-,Y,LA,7,1,-,-,10.56,H,-,N,N,4,0,1,2,A,-,5,21650,,N,D,G,A,A,H,-,A,D,0,,Y,,,Y,,L,4,0,0,1,0,0,0,1,0,0,- ,- ,,,LOS ANGELES,LOS ANGELES,-118.2638282,33.79112728
4455698,2009,7/7/2010,1942,10/25/2009,1850,37913,448,7,5,7,1942,0,0,0,D,0,4C4,SOTO ST,ALCAZAR ST,707,N,N,A,-,N,,,,,,,,,,N,2,0,1,2,A,-,3,22350,,N,B,G,A,A,H,-,C,A,0,,Y,,,Y,,L,4,1,0,0,0,0,0,1,0,0,- ,- ,,,LOS ANGELES,LOS ANGELES,-118.1972427,34.06413457
4466703,2009,7/13/2010,1942,10/26/2009,800,39010,174,1,5,7,1942,0,0,0,A,0,4T43,SPRING ST,7TH ST,6,S,N,A,-,N,,,,,,,,,,N,4,0,1,2,A,-,5,21650,1,N,D,G,A,A,H,-,A,A,0,,Y,,,Y,,L,4,0,0,1,0,0,0,1,0,0,- ,- ,,,LOS ANGELES,LOS ANGELES,-118.252324,34.04452173
4469817,2009,7/22/2010,1942,10/26/2009,750,35984,1735,1,5,7,1942,0,0,0,Q,0,10TL37,LOUISE AV,TULSA ST,0,,Y,A,-,N,,,,,,,,,,N,4,0,1,2,A,-,9,21802,A,N,H,G,A,A,H,-,A,A,0,,Y,,,Y,,A,8,0,0,1,0,0,0,1,0,0,- ,- ,,,LOS ANGELES,LOS ANGELES,-118.51098,34.26845
4455725,2009,7/7/2010,1942,10/26/2009,2125,37952,279,1,5,7,1942,0,0,0,,0,4T43,UNION ST,OLYMPIC BL,50,S,N,A,-,N,,,,,,,,,,,3,0,1,2,A,-,9,21801,A,N,D,G,A,A,H,-,C,D,0,,Y,,,Y,,A,1,0,1,0,0,0,0,1,0,0,- ,- ,,,LOS ANGELES,LOS ANGELES,-118.2742695,34.04905386
4455754,2009,7/7/2010,1942,10/26/2009,745,37482,1117,1,5,7,1942,0,0,0,K,0,11TL21,EAGLE ROCK BL,RIDGEVIEW AV,0,,Y,A,-,N,,,,,,,,,,N,4,0,1,2,A,-,9,21801,,N,D,G,A,A,H,-,A,D,0,,Y,,,Y,,A,7,0,0,1,0,0,0,1,0,0,- ,- ,,,LOS ANGELES,LOS ANGELES,-118.2166,34.13097
4465963,2009,7/14/2010,1942,10/26/2009,1600,32996,1151,1,5,7,1942,0,0,0,K,0,2TL28,VERMONT AV,DE LONGPRE AV,225,S,N,A,-,N,,,,,,,,,,N,4,0,1,2,A,-,3,22350,,N,D,G,A,A,H,-,A,D,0,,Y,,,Y,,A,1,0,0,1,0,0,0,1,0,0,- ,- ,,,LOS ANGELES,LOS ANGELES,-118.2917792,34.09636791
4487378,2009,7/23/2010,1942,10/26/2009,1600,38318,1837,1,5,7,1942,0,0,0,R,0,18T39,IMPERIAL HWY,COMPTON AV,0,,Y,A,-,N,,,,,,,,,,N,3,0,2,2,A,-,8,22107,,N,D,G,A,A,H,-,A,D,0,,Y,,,Y,,-,- ,0,2,0,0,0,0,2,0,0,- ,- ,,,LOS ANGELES,LOS ANGELES,-118.24627,33.92947
4458415,2009,11/23/2010,1942,10/27/2009,1645,30947,665,2,5,7,1942,0,0,0,,0,7TL72,SANTA MONICA BL,MANSFIELD AV,0,,Y,A,-,Y,LA,7,2,-,-,10.781,I,5,E,N,3,0,1,2,A,-,9,21801,A,N,H,G,A,A,H,-,A,A,0,,Y,,,Y,,A,7,0,1,0,0,0,0,1,0,0,- ,- ,,,LOS ANGELES,LOS ANGELES,-118.3403617,34.09069489
4466140,2009,7/13/2010,1942,10/27/2009,600,37782,424,2,5,7,1942,0,0,0,D,0,1TL24,VALLEY BL,MISSION RD,10,W,N,A,-,N,,,,,,,,,,N,4,0,1,2,A,-,4,21703,,F,B,G,A,A,H,-,A,D,0,,Y,,,Y,,-,99,0,0,1,0,0,0,1,0,0,- ,- ,,,LOS ANGELES,LOS ANGELES,-118.206125,34.06602937
4466039,2009,7/16/2010,1942,10/27/2009,1400,33007,192,2,5,7,1942,0,0,0,A,0,,VENICE BL,HILL ST,30,E,N,A,-,N,,,,,,,,,,N,3,0,1,2,A,-,5,21650,,N,D,G,A,A,H,-,A,D,0,,Y,,,Y,,L,4,0,1,0,0,0,0,1,0,0,- ,- ,,,LOS ANGELES,LOS ANGELES,-118.2644709,34.034668
4466646,2009,7/13/2010,1942,10/27/2009,1610,25635,152,2,5,7,1942,0,0,0,A,0,1TL11,WILSHIRE BL,FIGUEROA ST,0,,Y,A,-,N,,,,,,,,,,N,3,0,1,2,A,-,17,21451,A,F,D,G,A,A,H,-,A,A,0,,Y,,,Y,,-,99,0,1,0,0,0,0,1,0,0,- ,- ,,,LOS ANGELES,LOS ANGELES,-118.25925,34.05004
4538074,2009,8/11/2010,1942,10/27/2009,1041,37146,332,2,5,7,1942,0,0,0,C,0,12TL45,MARTIN LUTHER KING JR BL,BUCKINGHAM RD,200,E,N,A,-,N,,,,,,,,,,N,4,0,1,2,C,-,18,,,N,-,G,A,A,H,-,A,D,0,,Y,,,Y,,-,- ,0,0,1,0,0,0,1,0,0,- ,- ,,,LOS ANGELES,LOS ANGELES,-118.34126,34.01447163
4458548,2009,7/8/2010,1942,10/28/2009,1700,36810,2093,3,5,7,1942,0,0,0,,0,6TL2,LA SALLE AV,WASHINGTON BL,5,S,N,A,G,N,,,,,,,,,,N,4,0,1,2,A,-,9,21801,A,F,D,G,A,A,H,-,A,D,0,,Y,,,Y,,-,99,0,0,1,0,0,0,1,0,0,- ,- ,,,LOS ANGELES,LOS ANGELES,-118.3015921,34.03994117
4458483,2009,7/7/2010,1942,10/28/2009,1115,37929,647,3,5,7,1942,0,0,0,F,0,6X76,SUNSET BL,GORDON AV,0,,Y,A,-,N,,,,,,,,,,N,4,0,1,2,A,-,10,21950,A,F,H,G,A,A,H,-,A,A,0,,Y,,,Y,,-,99,0,0,1,0,0,0,1,0,0,- ,- ,,,LOS ANGELES,LOS ANGELES,-118.32012,34.09803
4482168,2009,8/19/2010,1942,10/28/2009,1845,33989,2073,3,5,7,1942,0,0,0,,0,20A38,CAMBRIDGE ST,HOBART BL,0,,Y,A,-,N,,,,,,,,,,N,3,0,1,2,A,-,12,22450,A,N,D,G,A,A,H,-,C,A,0,,Y,,,Y,,L,4,0,1,0,0,0,0,1,0,0,- ,- ,,,LOS ANGELES,LOS ANGELES,-118.30529,34.04452
4473468,2009,8/6/2010,1942,10/29/2009,1140,36810,631,4,5,7,1942,0,0,0,F,0,6TL2,SUNSET PLAZA DR,VIEWMONT DR,528,S,N,A,-,N,,,,,,,,,,N,4,0,1,2,D,-,0,,,N,H,G,A,A,H,-,A,D,0,,Y,,Y,Y,,-,- ,0,0,1,0,0,0,1,0,0,- ,- ,,,LOS ANGELES,LOS ANGELES,-118.3821858,34.10190062
4485757,2009,7/23/2010,1942,10/29/2009,1800,39923,2004,4,5,7,1942,0,0,0,,0,20A22,CLINTON ST,HARVARD BL,0,,Y,A,-,N,,,,,,,,,,N,3,0,1,2,A,-,12,22450,A,N,H,G,A,A,H,-,A,A,0,,Y,,,Y,,L,4,0,1,0,0,0,0,1,0,0,- ,- ,,,LOS ANGELES,LOS ANGELES,-118.3046,34.08169
4505180,2009,7/23/2010,1942,10/29/2009,1530,35127,1788,4,5,7,1942,0,0,0,Q,0,17A49,BALBOA BL,NORDHOFF ST,200,S,N,A,-,N,,,,,,,,,,N,3,0,1,2,B,-,22,,,N,H,G,A,A,H,-,A,D,0,,Y,,,Y,,-,- ,0,1,0,0,0,0,1,0,0,- ,- ,,,LOS ANGELES,LOS ANGELES,-118.5025807,34.23521629
4537962,2009,8/10/2010,1942,10/29/2009,2130,32565,334,4,5,7,1942,0,0,0,C,0,12T73,JEFFERSON BL,12TH AV,15,W,N,A,-,N,,,,,,,,,,N,3,0,1,2,A,-,9,21801,A,N,H,G,A,A,H,-,C,A,0,,Y,,,Y,,A,1,0,1,0,0,0,0,1,0,0,- ,- ,,,LOS ANGELES,LOS ANGELES,-118.3317216,34.02559488
4455711,2009,7/7/2010,1942,10/29/2009,1745,36238,1303,4,5,7,1942,0,0,0,M,0,2T15,PICO BL,WALL ST,5,W,N,A,-,N,,,,,,,,,,N,4,0,1,2,A,-,17,22517,,F,B,G,A,A,H,-,A,D,0,,Y,,,Y,,-,99,0,0,1,0,0,0,1,0,0,- ,- ,,,LOS ANGELES,LOS ANGELES,-118.2565158,34.03413254
4466198,2009,7/14/2010,1942,10/29/2009,25,38296,217,4,5,7,1942,0,0,0,,0,2T15,GLENDALE BL,BELLEVUE AV,148,N,N,A,-,N,,,,,,,,,,N,3,0,1,2,A,-,3,22350,,N,C,E,A,A,H,-,C,D,0,,Y,,,Y,,L,4,0,1,0,0,0,0,1,0,0,- ,- ,,,LOS ANGELES,LOS ANGELES,-118.2614642,34.07104072
4466691,2009,7/13/2010,1942,10/29/2009,1245,38914,233,4,5,7,1942,0,0,0,B,0,2A45,BEVERLY BL,RAMPART BL,50,W,N,A,-,N,,,,,,,,,,N,4,0,1,2,A,-,8,22107,,F,H,F,A,A,H,-,A,D,0,,Y,,,Y,,-,- ,0,0,1,0,0,0,1,0,0,- ,- ,,,LOS ANGELES,LOS ANGELES,-118.2769589,34.06954729
4482196,2009,7/22/2010,1942,10/29/2009,1715,39546,2042,4,5,7,1942,0,0,0,,0,20A38,8TH ST,WILTON PL,0,,Y,A,-,N,,,,,,,,,,N,4,0,1,2,A,-,5,21650,1,N,H,G,A,A,H,-,A,A,0,,Y,,,Y,,L,4,0,0,1,0,0,0,1,0,0,- ,- ,,,LOS ANGELES,LOS ANGELES,-118.31426,34.05804
4537994,2009,8/11/2010,1942,10/29/2009,1620,39203,357,4,5,7,1942,0,0,0,C,0,12T73,JEFFERSON BL,VERMONT AV,456,E,N,A,-,N,,,,,,,,,,N,3,0,1,2,A,-,- ,,,N,H,G,A,A,H,-,A,A,0,,Y,,,Y,,L,4,0,1,0,0,0,0,1,0,0,- ,- ,,,LOS ANGELES,LOS ANGELES,-118.2900836,34.02554845
4447103,2009,11/3/2010,1942,10/29/2009,905,30248,1341,4,5,7,1942,0,0,0,M,0,4TL43,MARTIN LUTHER KING JR BL,HILL ST,8,W,N,A,-,N,,,,,,,,,,N,2,0,1,2,A,-,5,21650,1,N,D,G,A,A,-,-,A,A,0,,Y,,Y,Y,,L,4,1,0,0,0,0,0,1,0,0,- ,- ,,,LOS ANGELES,LOS ANGELES,-118.1806919,33.7971368
4483848,2009,7/22/2010,1942,10/29/2009,750,33599,1258,4,5,7,1942,0,0,0,L,0,37L5,MAIN ST,78TH ST,0,,Y,A,-,N,,,,,,,,,,N,4,0,1,2,A,-,5,21650,1,N,-,G,A,A,H,-,A,A,0,,Y,,,Y,,L,4,0,0,1,0,0,0,1,0,0,- ,- ,,,LOS ANGELES,LOS ANGELES,-118.27392,33.96875
4513502,2009,7/26/2010,1942,10/29/2009,1515,35203,357,4,5,7,1942,0,0,0,C,0,3TL57,WISCONSIN ST,EXPOSITION BL,0,,Y,A,-,N,,,,,,,,,,N,4,0,1,2,A,-,12,22450,A,F,D,G,A,A,H,-,A,A,0,,Y,,,Y,,-,- ,0,0,1,0,0,0,1,0,0,- ,- ,,,LOS ANGELES,LOS ANGELES,-118.29308,34.01816
4463562,2009,7/16/2010,1942,10/30/2009,850,37857,666,5,5,7,1942,0,0,0,F,0,6T7,SANTA MONICA BL,OXFORD AV,0,,Y,A,-,N,,,,,,,,,,N,4,0,1,2,A,-,- ,,,F,H,G,A,A,H,-,A,D,0,,Y,,,Y,,L,4,0,0,1,0,0,0,1,0,0,- ,- ,,,LOS ANGELES,LOS ANGELES,-118.3078,34.09075
4522170,2009,7/28/2010,1942,10/30/2009,1935,37238,564,5,5,7,1942,0,0,0,,0,5TL21,PACIFIC AV,4TH ST,0,,Y,A,-,N,,,,,,,,,,N,4,0,1,2,A,-,9,21801,A,N,D,G,A,A,H,-,D,D,0,,Y,,,Y,,A,1,0,0,1,0,0,0,1,0,0,- ,- ,,,LOS ANGELES,LOS ANGELES,-118.19372,33.77171
4482188,2009,7/23/2010,1942,10/30/2009,1850,35924,2027,5,5,7,1942,0,0,0,,0,20A44,CATALINA ST,6TH ST,0,,Y,A,-,N,,,,,,,,,,N,3,0,1,3,B,-,22,,,N,D,C,A,A,H,-,C,A,0,,Y,,,Y,,-,- ,0,1,0,0,0,0,1,0,0,- ,- ,,,LOS ANGELES,LOS ANGELES,-118.29539,34.06358
4482172,2009,7/22/2010,1942,10/30/2009,1550,35077,646,5,5,7,1942,0,0,0,,0,8TL28,MCCADDEN PL,FOUNTAIN AV,15,N,N,A,-,N,,,,,,,,,,N,3,0,1,2,A,-,5,21650,1,N,D,G,A,A,H,-,A,A,0,,Y,,,Y,,L,4,0,1,0,0,0,0,1,0,0,- ,- ,,,LOS ANGELES,LOS ANGELES,-118.3374926,34.09442603
4451168,2009,7/6/2010,1942,10/30/2009,1610,39117,1792,5,5,7,1942,0,0,0,Q,0,17A49,PARTHENIA ST,OAKDALE AV,0,,Y,A,-,N,,,,,,,,,,N,3,0,1,2,A,-,9,21804,,N,D,G,A,A,H,-,A,D,0,,Y,,,Y,,A,1,0,1,0,0,0,0,1,0,0,- ,- ,,,LOS ANGELES,LOS ANGELES,-118.56668,34.2282
4458477,2009,7/8/2010,1942,10/30/2009,2120,37699,829,5,5,7,1942,0,0,0,H,0,8T35,WILSHIRE BL,BEVERLY GLEN BL,1100,E,N,A,-,N,,,,,,,,,,N,3,0,1,2,A,-,3,22350,,F,C,G,A,A,H,-,C,D,0,,Y,,,Y,,-,99,0,1,0,0,0,0,1,0,0,- ,- ,,,LOS ANGELES,LOS ANGELES,-118.4255837,34.06801963
4537958,2009,8/10/2010,1942,10/30/2009,1600,38639,328,5,5,7,1942,0,0,0,C,0,25EL2,FIGUEROA ST,28TH ST,7,S,N,A,-,N,,,,,,,,,,N,3,0,1,2,A,-,12,21453,A,N,H,G,A,A,H,-,A,A,0,,Y,,,Y,,L,4,0,1,0,0,0,0,1,0,0,- ,- ,,,LOS ANGELES,LOS ANGELES,-118.286009,33.81889585
4455008,2009,7/15/2010,1942,10/31/2009,2015,38980,1915,6,5,7,1942,0,0,0,,0,19T73,HUBBARD ST,GLENOAKS BL,0,,Y,A,-,N,,,,,,,,,,N,3,0,1,2,A,-,12,21453,A,N,H,G,A,-,H,-,C,A,0,,Y,,,Y,,L,4,0,1,0,0,0,0,1,0,0,- ,- ,,,LOS ANGELES,LOS ANGELES,-118.43925,34.29947
4482204,2009,7/22/2010,1942,10/31/2009,1740,36677,2033,6,5,7,1942,0,0,0,,0,20X46,OXFORD AV,WILSHIRE BL,5,S,N,A,-,N,,,,,,,,,,N,3,0,1,2,A,-,5,21650,1,N,D,G,A,A,H,-,B,A,0,,Y,,,Y,,L,4,0,1,0,0,0,0,1,0,0,- ,- ,,,LOS ANGELES,LOS ANGELES,-118.3078521,34.06168117
4537862,2009,8/5/2010,1942,10/31/2009,1215,37731,1251,6,5,7,1942,0,0,0,L,0,12TL41,77TH ST,CRENSHAW BL,4,E,N,A,-,N,,,,,,,,,,N,3,0,1,2,A,-,10,21950,A,N,D,G,A,A,H,-,A,D,0,,Y,,,Y,,-,- ,0,1,0,0,0,0,1,0,0,- ,- ,,,LOS ANGELES,LOS ANGELES,-118.330929,33.96997488
4466680,2009,7/14/2010,1942,10/31/2009,1136,37782,1136,6,5,7,1942,0,0,0,K,0,2TL28,EAGLE ROCK BL,YORK BL,0,,Y,A,-,N,,,,,,,,,,Y,3,0,5,4,A,-,9,21801,A,N,A,C,A,A,H,-,C,A,0,,Y,,,Y,,A,1,0,3,2,0,0,0,1,0,0,- ,- ,,,LOS ANGELES,LOS ANGELES,-118.22096,34.12413
4456127,2009,7/13/2010,1942,10/31/2009,850,38453,1623,6,5,7,1942,0,0,0,P,0,16TL25,VAN NUYS BL,HERRICK AV,14,E,N,A,-,N,,,,,,,,,,N,2,0,1,2,A,-,9,21801,A,N,D,G,A,A,H,-,A,D,0,,Y,,,Y,,A,1,1,0,0,0,0,0,1,0,0,- ,- ,,,LOS ANGELES,LOS ANGELES,-118.4149465,34.27129936
4466645,2009,7/19/2010,1942,10/31/2009,1500,36790,1101,6,5,7,1942,0,0,0,K,0,11A1,ZOO DR,RIVERSIDE DR,5,W,N,A,-,N,,,,,,,,,,N,3,0,1,2,A,-,21,22106,,N,G,G,A,A,H,-,A,D,0,,Y,,,Y,,-,,0,1,0,0,0,0,1,0,0,- ,- ,,,LOS ANGELES,LOS ANGELES,-118.2939784,34.15484722
4466644,2009,7/14/2010,1942,10/31/2009,1345,39010,1321,6,5,7,1942,0,0,0,M,0,1T11,BROADWAY,25TH ST,7,S,N,A,-,N,,,,,,,,,,N,4,0,1,2,A,-,5,21650,1,N,D,G,A,A,H,-,A,A,0,,Y,,,Y,,L,4,0,0,1,0,0,0,1,0,0,- ,- ,,,LOS ANGELES,LOS ANGELES,-118.4736089,34.0312717
4552884,2009,9/10/2010,1942,11/1/2009,1445,38803,334,7,5,7,1942,0,0,0,C,0,3TL58,30TH ST,NORTON AV,20,E,N,A,-,N,,,,,,,,,,N,4,0,1,2,A,-,5,21650,1,N,H,G,A,A,H,-,A,D,0,,Y,,,Y,,L,4,0,0,1,0,0,0,1,0,0,- ,- ,,,LOS ANGELES,LOS ANGELES,-118.3326763,34.0276255
4466261,2009,8/10/2010,1942,11/1/2009,655,38453,2103,7,5,7,1942,0,0,0,,0,,ROSCOE BL,TOPANGA CYN,621,W,N,A,-,N,,,,,,,,,,N,4,0,1,2,A,-,9,21804,A,N,D,G,A,A,H,-,A,D,0,,Y,,,Y,,A,1,0,0,1,0,0,0,1,0,0,- ,- ,,,LOS ANGELES,LOS ANGELES,-118.6080514,34.21962293
4466826,2009,8/4/2010,1942,11/1/2009,1510,34426,422,7,5,7,1942,0,0,0,D,0,1TL24,BALDWIN ST,GRIFFIN AV,0,,Y,A,-,N,,,,,,,,,,N,4,0,1,2,A,-,9,21801,A,N,D,G,A,A,H,-,A,A,0,,Y,,,Y,,A,1,0,0,1,0,0,0,1,0,0,- ,- ,,,LOS ANGELES,LOS ANGELES,-118.21164,34.07017
4454777,2009,8/3/2010,1942,11/1/2009,1425,34078,1547,7,5,7,1942,0,0,0,O,0,19TL78,BURBANK BL,TUJUNGA AV,8,W,N,A,-,N,,,,,,,,,,N,3,0,1,2,A,-,5,21650,1,N,A,G,A,A,H,-,A,A,0,,Y,,,Y,,L,4,0,1,0,0,0,0,1,0,0,- ,- ,,,LOS ANGELES,LOS ANGELES,-118.3790686,34.1721349
4472101,2009,8/5/2010,1942,11/1/2009,1300,38858,1008,7,5,7,1942,0,0,0,J,0,21TL62,BALBOA BL,ROSCOE BL,100,S,N,A,-,N,,,,,,,,,,N,3,0,1,2,A,-,7,21658,A,F,B,G,A,A,H,-,A,A,0,,Y,,,Y,,-,99,0,1,0,0,0,0,1,0,0,- ,- ,,,LOS ANGELES,LOS ANGELES,-118.5026618,34.22092072
4447525,2009,9/1/2010,1942,11/2/2009,845,38610,1313,1,5,7,1942,0,0,0,M,0,13TL55,PICO BL,MYRTLE ST,30,E,N,A,-,N,,,,,,,,,,N,3,0,1,3,A,-,17,22517,,N,B,G,A,A,H,-,A,D,0,,Y,,,Y,,A,1,0,1,0,0,0,0,1,0,0,- ,- ,,,LOS ANGELES,LOS ANGELES,-118.2556796,34.03367963
4454736,2009,8/4/2010,1942,11/2/2009,2055,37451,2024,1,5,7,1942,0,0,0,,0,6T7,SERRANO AV,WILSHIRE BL,0,,Y,A,-,N,,,,,,,,,,N,4,0,1,2,A,-,12,21453,A,N,D,G,A,A,H,-,C,A,0,,Y,,,Y,,L,4,0,0,1,0,0,0,1,0,0,- ,- ,,,LOS ANGELES,LOS ANGELES,-118.3066,34.06169
4473144,2009,8/27/2010,1942,11/2/2009,1940,37782,1179,1,5,7,1942,0,0,0,K,0,,MARMION WY,AVENUE 43,24,N,N,A,-,N,,,,,,,,,,N,2,0,1,2,A,-,4,21703,,F,B,G,A,A,H,-,C,D,0,,Y,,,Y,,-,99,1,0,0,0,0,0,1,0,0,- ,- ,,,LOS ANGELES,LOS ANGELES,-118.2096103,34.09545073
4476023,2009,8/9/2010,1942,11/2/2009,2210,38266,765,1,5,7,1942,0,0,0,G,0,7T23,MANSFIELD AV,PICO BL,3,N,N,E,-,N,,,,,,,,,,N,3,0,1,2,A,-,5,21650,1,N,D,G,A,A,H,-,C,D,0,,Y,,,Y,,L,4,0,1,0,0,0,0,1,0,0,- ,- ,,,LOS ANGELES,LOS ANGELES,-118.3458791,34.04774271
4463288,2009,8/5/2010,1942,11/3/2009,950,38762,1426,2,5,7,1942,0,0,0,N,0,7T23,SAWTELLE BL,KINGSLAND ST,70,N,N,A,-,N,,,,,,,,,,N,3,0,1,2,B,-,22,,,N,C,G,A,A,H,-,A,D,0,,Y,,,Y,,L,4,0,1,0,0,0,0,1,0,0,- ,- ,,,LOS ANGELES,LOS ANGELES,-118.4272641,34.02093235
4454740,2009,8/4/2010,1942,11/3/2009,1900,35077,2093,2,5,7,1942,0,0,0,,0,8TL28,WASHINGTON BL,NORMANDIE AV,12,E,N,A,-,N,,,,,,,,,,N,3,0,1,2,A,-,5,21650,1,N,G,B,B,A,H,-,C,A,0,Y,Y,,,Y,,L,4,0,1,0,0,1,0,0,0,0,- ,- ,,,LOS ANGELES,LOS ANGELES,-118.3003226,34.03996489
4485389,2009,8/16/2010,1942,11/3/2009,1530,39339,706,2,5,7,1942,0,0,0,,0,7A85,CLINTON ST,MANSFIELD AV,0,,Y,A,-,N,,,,,,,,,,N,3,0,1,3,A,-,12,21453,A,N,B,G,A,A,H,-,A,D,0,,Y,,,Y,,L,4,0,1,0,0,0,0,1,0,0,- ,- ,,,LOS ANGELES,LOS ANGELES,-118.34063,34.08187
4481850,2009,8/12/2010,1942,11/3/2009,1250,37235,726,2,5,7,1942,0,0,0,G,0,7A1,3RD ST,FORMOSA AV,0,,Y,A,-,N,,,,,,,,,,N,4,0,1,2,A,-,12,22450,,F,D,G,A,A,H,-,A,A,0,,Y,,,Y,,-,99,0,0,1,0,0,0,1,0,0,- ,- ,,,LOS ANGELES,LOS ANGELES,-118.3462,34.06898
4482134,2009,8/31/2010,1942,11/4/2009,1520,31255,1406,3,5,7,1942,0,0,0,N,0,7TL72,OVERLAND AV,ROSE AV,223,N,N,A,-,N,,,,,,,,,,N,2,0,1,2,A,-,6,21755,,N,B,G,A,A,H,-,A,D,0,,Y,,,Y,,-,- ,1,0,0,0,0,0,1,0,0,- ,- ,,,LOS ANGELES,LOS ANGELES,-118.4142141,34.02807219
4466812,2009,8/4/2010,1942,11/4/2009,1530,33977,1179,3,5,7,1942,0,0,0,K,0,13TL22,FIGUEROA ST,AVENUE 39,45,N,N,A,-,N,,,,,,,,,,N,4,0,1,2,A,-,17,21200,A,F,D,G,A,A,H,-,A,D,0,,Y,,,Y,,L,4,0,0,1,0,0,0,1,0,0,- ,- ,,,LOS ANGELES,LOS ANGELES,-118.2110222,34.09130334
4481841,2009,8/12/2010,1942,11/4/2009,1425,36810,2055,3,5,7,1942,0,0,0,,0,6TL2,NORMANDIE AV,OLYMPIC BL,18,N,N,A,-,N,,,,,,,,,,Y,3,0,1,2,A,-,12,21453,A,N,D,G,A,A,H,-,A,A,0,,Y,,,Y,,L,4,0,1,0,0,0,0,1,0,0,- ,- ,,,LOS ANGELES,LOS ANGELES,-118.3000451,34.05267302