CASE_ID,ACCIDENT_YEAR,PROC_DATE,JURIS,COLLISION_DATE,COLLISION_TIME,OFFICER_ID,REPORTING_DISTRICT,DAY_OF_WEEK,CHP_SHIFT,POPULATION,CNTY_CITY_LOC,SPECIAL_COND,BEAT_TYPE,CHP_BEAT_TYPE,CITY_DIVISION_LAPD,CHP_BEAT_CLASS,BEAT_NUMBER,PRIMARY_RD,SECONDARY_RD,DISTANCE,DIRECTION,INTERSECTION,WEATHER_1,WEATHER_2,STATE_HWY_IND,CALTRANS_COUNTY,CALTRANS_DISTRICT,STATE_ROUTE,ROUTE_SUFFIX,POSTMILE_PREFIX,POSTMILE,LOCATION_TYPE,RAMP_INTERSECTION,SIDE_OF_HWY,TOW_AWAY,COLLISION_SEVERITY,NUMBER_KILLED,NUMBER_INJURED,PARTY_COUNT,PRIMARY_COLL_FACTOR,PCF_CODE_OF_VIOL,PCF_VIOL_CATEGORY,PCF_VIOLATION,PCF_VIOL_SUBSECTION,HIT_AND_RUN,TYPE_OF_COLLISION,MVIW,PED_ACTION,ROAD_SURFACE,ROAD_COND_1,ROAD_COND_2,LIGHTING,CONTROL_DEVICE,CHP_ROAD_TYPE,PEDESTRIAN_ACCIDENT,BICYCLE_ACCIDENT,MOTORCYCLE_ACCIDENT,TRUCK_ACCIDENT,NOT_PRIVATE_PROPERTY,ALCOHOL_INVOLVED,STWD_VEHTYPE_AT_FAULT,CHP_VEHTYPE_AT_FAULT,COUNT_SEVERE_INJ,COUNT_VISIBLE_INJ,COUNT_COMPLAINT_PAIN,COUNT_PED_KILLED,COUNT_PED_INJURED,COUNT_BICYCLIST_KILLED,COUNT_BICYCLIST_INJURED,COUNT_MC_KILLED,COUNT_MC_INJURED,PRIMARY_RAMP,SECONDARY_RAMP,LATITUDE,LONGITUDE,COUNTY,CITY,POINT_X,POINT_Y
4809937,2010,9/23/2011,1942,7/4/2010,1705,31255,635,7,5,7,1942,0,0,0,F,0,6TL2,CAHUENGA BL,CERRITOS PL,130,N,N,A,-,Y,LA,7,101,-,-,7.588,R,4,S,N,3,0,1,2,A,-,12,22450,A,N,H,G,A,A,H,-,A,A,0,,Y,,,Y,,A,7,0,1,0,0,0,0,1,0,0,- ,- ,,,LOS ANGELES,LOS ANGELES,-118.3307576,34.1078
4851809,2010,9/21/2011,1942,7/4/2010,1215,36752,315,7,5,7,1942,0,0,0,C,0,3TL5,RT 10,WESTERN AV,4,W,N,A,-,Y,LA,7,10,-,R,13.015,R,4,W,N,3,0,1,2,A,-,5,21650,,N,D,G,A,A,H,-,A,A,0,,Y,,,Y,,L,4,0,1,0,0,0,0,1,0,0,- ,- ,,,LOS ANGELES,LOS ANGELES,-118.3051721,34.03724488
4751071,2010,8/4/2011,1942,7/4/2010,1430,34228,1549,7,5,7,1942,0,0,0,O,0,DESK,CHANDLER BL,LANKERSHIM BL,150,E,N,A,-,N,,,,,,,,,,N,4,0,1,2,D,-,0,,,N,H,G,A,A,H,-,A,-,0,,Y,,,Y,,-,- ,0,0,1,0,0,0,1,0,0,- ,- ,,,LOS ANGELES,LOS ANGELES,-118.3775571,34.16885745
4956761,2010,8/10/2011,1942,7/4/2010,1720,38923,376,7,5,7,1942,0,0,0,C,0,3A58W7,38TH PL,LA SALLE AV,0,,Y,A,-,N,,,,,,,,,,N,3,0,1,2,A,-,12,22450,A,N,H,G,A,A,H,-,A,A,0,,Y,,,Y,,-,- ,0,1,0,0,0,0,1,0,0,- ,- ,,,LOS ANGELES,LOS ANGELES,-118.3057021,34.01643488
4803999,2010,7/12/2011,1942,7/5/2010,1615,39110,1525,1,5,7,1942,0,0,0,O,0,15T44,LANKERSHIM BL,VICTORY BL,20,S,N,A,-,N,,,,,,,,,,N,3,0,1,2,A,-,12,21453,A,N,H,G,A,A,H,-,A,A,0,,Y,,,Y,,-,- ,0,1,0,0,0,0,1,0,0,- ,- ,,,LOS ANGELES,LOS ANGELES,-118.3877787,34.18661119
4900970,2010,8/8/2011,1942,7/5/2010,1400,38061,1145,1,5,7,1942,0,0,0,K,0,1TL24,RIVERSIDE DR,FLETCHER DR,10,W,N,A,-,N,,,,,,,,,,N,3,0,1,2,A,-,5,21650,,N,D,G,A,A,H,-,A,A,0,,Y,,,Y,,L,4,0,1,0,0,0,0,1,0,0,- ,- ,,,LOS ANGELES,LOS ANGELES,-118.2566029,34.10602623
4750951,2010,7/27/2011,1942,7/6/2010,900,39575,1791,2,5,7,1942,0,0,0,Q,0,19T73,PARTHENIA ST,WINNETKA AV,350,E,N,B,-,N,,,,,,,,,,N,4,0,1,2,A,-,5,21650,,N,-,G,A,A,H,-,A,D,0,,Y,,,Y,,L,4,0,0,1,0,0,0,1,0,0,- ,- ,,,LOS ANGELES,LOS ANGELES,-118.5699179,34.22822489
4823128,2010,7/5/2011,1942,7/6/2010,700,37521,634,2,5,7,1942,0,0,0,F,0,6A31,HIGHLAND AV,ODIN ST,100,S,N,B,-,N,,,,,,,,,,N,3,0,1,1,A,-,3,22350,,N,H,-,A,A,G,-,A,D,0,,Y,,,Y,,L,4,0,1,0,0,0,0,1,0,0,- ,- ,,,LOS ANGELES,LOS ANGELES,-118.3362006,34.10966279
4803983,2010,7/12/2011,1942,7/6/2010,745,39243,1008,2,5,7,1942,0,0,0,J,0,10TL39,WOODLEY AV,SATICOY ST,24,N,N,A,-,N,,,,,,,,,,N,3,0,1,2,A,-,9,21801,A,N,H,G,A,A,H,-,A,A,0,,Y,,,Y,,D,22,0,1,0,0,0,0,1,0,0,- ,- ,,,LOS ANGELES,LOS ANGELES,-118.4836822,34.20850073
4806489,2010,8/1/2011,1942,7/6/2010,1950,38687,914,2,5,7,1942,0,0,0,I,0,9T59,VAN NUYS BL,SHERMAN WY,2,S,N,A,-,N,,,,,,,,,,N,4,0,1,2,A,-,8,22107,,F,H,G,A,A,H,-,A,A,0,,Y,,,Y,,-,- ,0,0,1,0,0,0,1,0,0,- ,- ,,,LOS ANGELES,LOS ANGELES,-118.4487622,34.20117941
4814138,2010,8/2/2011,1942,7/6/2010,1840,25250,1258,2,5,7,1942,0,0,0,L,0,3MW57,78TH ST,SAN PEDRO,156,W,N,A,-,N,,,,,,,,,,N,4,0,1,2,A,-,9,21804,A,N,H,G,A,A,H,-,A,D,0,,Y,,,Y,,L,4,0,0,1,0,0,0,1,0,0,- ,- ,,,LOS ANGELES,LOS ANGELES,-118.2700445,33.96877928
4816948,2010,7/13/2011,1942,7/6/2010,2030,39022,636,2,5,7,1942,0,0,0,F,0,6A45,LAS PALMAS,YUCCA AV,0,,Y,A,-,N,,,,,,,,,,N,3,0,1,2,A,-,12,22450,A,F,H,G,A,A,H,-,B,D,0,,Y,,,Y,,-,99,0,1,0,0,0,0,1,0,0,- ,- ,,,LOS ANGELES,LOS ANGELES,-118.3361622,34.10318489
4935688,2010,8/9/2011,1942,7/6/2010,1820,32206,311,2,5,7,1942,0,0,0,C,0,3A34,JEFFERSON AV,COCHRAN AV,0,,Y,A,-,N,,,,,,,,,,N,4,0,1,2,A,-,8,22107,,F,G,G,A,A,H,-,A,D,0,,Y,,,Y,Y,-,- ,0,0,1,0,0,0,1,0,0,- ,- ,,,LOS ANGELES,LOS ANGELES,-118.3612022,34.02551488
4803176,2010,7/26/2011,1942,7/6/2010,1605,35077,1435,2,5,7,1942,0,0,0,N,0,14TL52,VENICE BL,GRANDVIEW BL,16,E,N,A,-,N,,,,,,,,,,N,3,0,1,2,A,-,1,21200,5,N,G,B,F,A,H,-,A,D,0,Y,Y,,,Y,Y,L,4,0,1,0,0,1,0,0,0,0,- ,- ,,,LOS ANGELES,LOS ANGELES,-118.4312684,34.00499928
4815686,2010,7/21/2011,1942,7/6/2010,1645,37770,2055,2,5,7,1942,0,0,0,,0,6TL2,FEDORA ST,OLYMPIC BL,8,S,N,A,-,N,,,,,,,,,,N,4,0,1,2,A,-,9,21453,B,F,D,G,A,A,H,-,A,D,0,,Y,,,Y,,-,99,0,0,1,0,0,0,1,0,0,- ,- ,,,LOS ANGELES,LOS ANGELES,-118.2979121,34.05261294
4935712,2010,8/26/2011,1942,7/6/2010,1520,30452,331,2,5,7,1942,0,0,0,C,0,34T90,JEFFERSON BL,LA BREA AV,80,E,N,A,-,N,,,,,,,,,,N,4,0,1,2,A,-,8,22107,,N,H,G,A,A,D,-,A,D,0,,Y,,,Y,,A,7,0,0,1,0,0,0,1,0,0,- ,- ,,,LOS ANGELES,LOS ANGELES,-118.3551548,34.02544683
4825817,2010,6/29/2011,1942,7/6/2010,1000,39576,1735,2,5,7,1942,0,0,0,Q,0,15T47,CHATSWORTH AV,WHITE OAK ST,3,N,N,B,-,N,,,,,,,,,,N,3,0,1,2,A,-,5,21650,1,N,D,G,A,A,H,-,A,A,0,,Y,,,Y,,L,4,0,1,0,0,0,0,1,0,0,- ,- ,,,LOS ANGELES,LOS ANGELES,-118.5197623,34.26488485
4825863,2010,6/22/2011,1942,7/7/2010,1420,39243,1061,3,5,7,1942,0,0,0,J,0,10TL39,VANALDEN ST,VENTURA BL,40,S,N,A,-,N,,,,,,,,,,N,4,0,1,2,A,-,5,21650,,N,D,G,A,A,H,-,A,D,0,,Y,,,Y,,L,4,0,0,1,0,0,0,1,0,0,- ,- ,,,LOS ANGELES,LOS ANGELES,-118.5500922,34.17245516
4817028,2010,7/12/2011,1942,7/7/2010,1450,39565,1414,3,5,7,1942,0,0,0,N,0,14TL47,LINCOLN BL,BROADWAY AV,3,N,N,A,-,N,,,,,,,,,,N,3,0,1,2,A,-,5,21650,,N,D,G,A,A,H,-,A,D,0,,Y,,,Y,,A,1,0,1,0,0,0,0,1,0,0,- ,- ,,,LOS ANGELES,LOS ANGELES,-118.4616006,33.99822911
4809106,2010,7/11/2011,1942,7/7/2010,1800,34674,1044,3,5,7,1942,0,0,0,J,0,15T45,COLLINS ST,RESEDA BL,300,E,N,A,-,N,,,,,,,,,,N,4,0,1,2,A,-,9,21804,A,F,D,G,A,A,H,-,A,D,0,,Y,,,Y,,-,99,0,0,1,0,0,0,1,0,0,- ,- ,,,LOS ANGELES,LOS ANGELES,-118.5350321,34.1748944
4751043,2010,8/4/2011,1942,7/7/2010,1230,32264,1502,3,5,7,1942,0,0,0,O,0,35T90,SATICOY ST,ETHEL AV,150,E,N,A,-,N,,,,,,,,,,N,3,0,1,2,D,-,0,,,N,D,G,A,A,H,-,A,D,0,,Y,,,Y,,-,- ,0,1,0,0,0,0,1,0,0,- ,- ,,,LOS ANGELES,LOS ANGELES,-118.4176901,34.20727087
4805934,2010,7/13/2011,1942,7/7/2010,700,24517,788,3,5,7,1942,0,0,0,G,0,7TL23,CRENSHAW BL,23RD ST,0,,Y,A,-,N,,,,,,,,,,N,4,0,1,2,A,-,8,22107,,F,H,G,A,A,H,-,A,A,0,,Y,,,Y,,-,99,0,0,1,0,0,0,1,0,0,- ,- ,,,LOS ANGELES,LOS ANGELES,-118.3327921,34.03676488
4825805,2010,6/29/2011,1942,7/7/2010,1530,39110,,3,5,7,1942,0,0,0,,0,21T64,RESEDA BL,PLUMMER ST,0,,Y,A,-,N,,,,,,,,,,N,4,0,1,2,A,-,9,21804,B,N,D,G,A,A,H,-,A,A,0,,Y,,,Y,,L,4,0,0,1,0,0,0,1,0,0,- ,- ,,,LOS ANGELES,LOS ANGELES,-118.5361022,34.24274489
4935740,2010,8/9/2011,1942,7/7/2010,1735,38522,358,3,5,7,1942,0,0,0,C,0,12T73,JEFFERSON BL,MCCLINTOCK AV,109,W,N,A,-,N,,,,,,,,,,N,4,0,1,2,A,-,17,22517,,N,G,G,A,A,H,-,A,D,0,,Y,,,Y,,A,7,0,0,1,0,0,0,1,0,0,- ,- ,,,LOS ANGELES,LOS ANGELES,-118.2874115,34.02523139
4751059,2010,8/4/2011,1942,7/7/2010,1730,32771,1621,3,5,7,1942,0,0,0,P,0,,VAN NUYS BL,KEWEN ST,200,S,N,A,-,N,,,,,,,,,,N,3,0,1,2,D,-,0,,,N,D,G,A,A,H,-,A,D,0,,Y,,,Y,,-,- ,0,1,0,0,0,0,1,0,0,- ,- ,,,LOS ANGELES,LOS ANGELES,-118.4277015,34.26200565
4815707,2010,7/22/2011,1942,7/7/2010,1600,38931,854,3,5,7,1942,0,0,0,,0,8X48,COTNER AV,SANTA MONICA BL,0,S,N,B,-,N,,,,,,,,,,N,4,0,1,2,A,-,5,21650,1,N,D,G,A,A,H,-,A,D,0,,Y,,,Y,,L,4,0,0,1,0,0,0,1,0,0,- ,- ,,,LOS ANGELES,LOS ANGELES,-118.4461222,34.04717488
4825859,2010,6/22/2011,1942,7/7/2010,1600,37774,1033,3,5,7,1942,0,0,0,J,0,21T164,RESEDA BL,ERWIN ST,300,N,N,A,-,N,,,,,,,,,,N,4,0,1,2,A,-,9,21804,B,N,D,G,A,A,H,-,A,D,0,,Y,,,Y,,L,4,0,0,1,0,0,0,1,0,0,- ,- ,,,LOS ANGELES,LOS ANGELES,-118.5360389,34.18468783
4856225,2010,8/8/2011,1942,7/7/2010,1200,39565,1415,3,5,7,1942,0,0,0,N,0,14TL47,LINCOLN BL,LAKE ST,4,S,N,A,-,N,,,,,,,,,,N,4,0,1,2,A,-,9,21804,A,N,H,G,A,A,H,-,A,A,0,,Y,,,Y,,L,4,0,0,1,0,0,0,1,0,0,- ,- ,,,LOS ANGELES,LOS ANGELES,-118.4626809,33.99889922
4815709,2010,7/22/2011,1942,7/7/2010,1430,24517,1434,3,5,7,1942,0,0,0,N,0,7TL23,OVERLAND AV,NATIONAL BL,0,,Y,A,-,N,,,,,,,,,,Y,3,0,1,2,A,-,9,21801,A,N,D,G,A,A,H,-,A,A,0,,Y,,,Y,,L,4,0,1,0,0,0,0,1,0,0,- ,- ,,,LOS ANGELES,LOS ANGELES,-118.4176022,34.03243488
4810715,2010,7/22/2011,1942,7/8/2010,2305,30083,1181,4,5,7,1942,0,0,0,K,0,11T21,SUNSET BL,PARK AV,0,,Y,A,-,N,,,,,,,,,,N,3,0,1,2,A,-,9,21801,A,N,A,G,A,A,H,-,C,A,0,,Y,,,Y,,A,1,0,1,0,0,0,0,1,0,0,- ,- ,,,LOS ANGELES,LOS ANGELES,-118.2617121,34.07791489
4815714,2010,7/22/2011,1942,7/8/2010,1355,36589,702,4,5,7,1942,0,0,0,G,0,20TL56,FAIRFAX,MELROSE,0,,Y,A,-,N,,,,,,,,,,N,3,0,1,2,A,-,5,21650,1,N,D,G,A,A,H,-,A,A,0,,Y,,,Y,,L,4,0,1,0,0,0,0,1,0,0,- ,- ,,,LOS ANGELES,LOS ANGELES,-118.3615322,34.08380489
4809848,2010,8/3/2011,1942,7/8/2010,1220,39565,659,4,5,7,1942,0,0,0,,0,8TL35,SUNSET BL,KINGSLEY DR,0,W,N,A,-,N,,,,,,,,,,N,3,0,1,1,B,-,22,,,N,H,I,A,A,H,-,A,A,0,,Y,,,Y,,L,4,0,1,0,0,0,0,1,0,0,- ,- ,,,LOS ANGELES,LOS ANGELES,-118.3032821,34.09811489
4632070,2010,12/28/2010,1942,7/8/2010,1615,30947,745,4,5,7,1942,0,0,0,G,0,7TL72,OLYMPIC BL,DUNSMUIR AV,0,,Y,A,-,N,,,,,,,,,,N,2,0,1,2,A,-,9,21801,A,N,D,G,A,A,H,-,A,A,0,,Y,,,Y,,A,1,1,0,0,0,0,0,1,0,0,- ,- ,,,LOS ANGELES,LOS ANGELES,-118.3502622,34.05730488
4825639,2010,7/26/2011,1942,7/8/2010,1600,38183,1591,4,5,7,1942,0,0,0,O,0,19T76,LAUREL CANYON BL,MAXWELLTON RD,8,S,N,A,-,N,,,,,,,,,,N,4,0,1,2,A,-,4,21703,,N,H,G,A,A,H,-,A,A,0,,Y,,,Y,,A,1,0,0,1,0,0,0,1,0,0,- ,- ,,,LOS ANGELES,LOS ANGELES,-118.3942845,34.14094388
4917767,2010,8/2/2011,1942,7/8/2010,200,38175,159,4,5,7,1942,0,0,0,A,0,4T43,ALAMEDA ST,6TH ST,400,S,N,A,-,N,,,,,,,,,,N,3,0,1,1,A,-,3,22350,,N,H,A,A,A,H,-,C,D,0,,Y,,,Y,,L,4,0,1,0,0,0,0,1,0,0,- ,- ,,,LOS ANGELES,LOS ANGELES,-118.2385137,34.03706965
4800644,2010,7/8/2011,1942,7/9/2010,1530,39574,1415,5,5,7,1942,0,0,0,N,0,14A25,VENICE BL,LINCOLN BL,0,,Y,A,-,N,,,,,,,,,,N,3,0,1,2,A,-,5,21650,,N,-,G,A,A,H,-,A,A,0,,Y,,,Y,,L,4,0,1,0,0,0,0,1,0,0,- ,- ,,,LOS ANGELES,LOS ANGELES,-118.4529022,33.99404487
4815643,2010,7/20/2011,1942,7/9/2010,945,24812,715,5,5,7,1942,0,0,0,G,0,6TL7,BEVERLY BL,FORMOSA AV,4,E,N,A,-,N,,,,,,,,,,N,4,0,1,2,A,-,9,21804,A,N,H,G,A,A,H,-,A,D,0,,Y,,,Y,,A,8,0,0,1,0,0,0,1,0,0,- ,- ,,,LOS ANGELES,LOS ANGELES,-118.346209,34.07615462
4901017,2010,8/8/2011,1942,7/9/2010,2045,37225,124,5,5,7,1942,0,0,0,A,0,4T43,MAIN ST,TEMPLE ST,82,S,N,A,-,N,,,,,,,,,,N,4,0,1,2,A,-,17,21657,,N,G,G,A,A,H,-,C,D,0,,Y,,,Y,,L,4,0,0,1,0,0,0,1,0,0,- ,- ,,,LOS ANGELES,LOS ANGELES,-118.2418316,34.05392976
4813155,2010,7/7/2011,1942,7/9/2010,2330,38477,1714,5,5,7,1942,0,0,0,Q,0,17T15,RINALDI ST,RESEDA BL,0,,Y,A,-,N,,,,,,,,,,N,3,0,1,2,A,-,9,21801,A,F,H,G,A,A,H,-,C,A,0,,Y,,,Y,,-,99,0,1,0,0,0,0,1,0,0,- ,- ,,,LOS ANGELES,LOS ANGELES,-118.5364322,34.2759949
4815831,2010,6/30/2011,1942,7/9/2010,1200,36027,1441,5,5,7,1942,0,0,0,N,0,14A13,SOUTH VENICE BL,STRONGS DR,39,E,N,A,-,N,,,,,,,,,,N,4,0,1,2,A,-,17,22517,,N,H,G,A,A,H,-,A,D,0,,Y,,,Y,,A,8,0,0,1,0,0,0,1,0,0,- ,- ,,,LOS ANGELES,LOS ANGELES,-118.4696098,33.9853195
4806509,2010,7/26/2011,1942,7/10/2010,1405,38033,1663,6,5,7,1942,0,0,0,P,0,19TL76,BRANFORD ST,LAUREL CANYON BL,4,W,N,A,-,N,,,,,,,,,,N,3,0,1,2,A,-,5,21650,1,M,D,G,A,A,H,-,A,A,0,,Y,,,Y,,L,4,0,1,0,0,0,0,1,0,0,- ,- ,,,LOS ANGELES,LOS ANGELES,-118.4132327,34.24088823
4817016,2010,7/12/2011,1942,7/10/2010,1625,39341,1415,6,5,7,1942,0,0,0,N,0,14A15,LINCOLN BL,LAKE ST,2,S,N,B,-,N,,,,,,,,,,N,4,0,1,2,A,-,9,21801,A,N,H,G,A,A,H,-,A,A,0,,Y,,,Y,,D,22,0,0,1,0,0,0,1,0,0,- ,- ,,,LOS ANGELES,LOS ANGELES,-118.4626865,33.99890205
4945179,2010,8/26/2011,1942,7/10/2010,1800,37611,406,6,5,7,1942,0,0,0,D,0,4TL4,VIA MARISOL,EBEY AV,8,W,N,A,-,N,,,,,,,,,,N,3,0,1,2,A,-,5,21202,A,N,D,G,A,A,H,-,A,A,0,,Y,,,Y,,L,4,0,1,0,0,0,0,1,0,0,- ,- ,,,LOS ANGELES,LOS ANGELES,-118.1830977,34.10422035
4750952,2010,7/27/2011,1942,7/10/2010,1505,39192,2185,6,5,7,1942,0,0,0,,0,19TL72,CLARENDON ST,FARRALONE AV,180,E,N,A,-,N,,,,,,,,,,N,3,0,1,2,A,-,5,21650,1,N,-,G,A,A,H,-,A,D,0,,Y,,,Y,,L,4,0,1,0,0,0,0,1,0,0,- ,- ,,,LOS ANGELES,LOS ANGELES,-118.6096382,34.1696328
4825929,2010,7/15/2011,1942,7/10/2010,1235,38033,1658,6,5,7,1942,0,0,0,P,0,19TL76,FOOTHILL BL,HAINES CANYON AV,180,E,N,A,-,N,,,,,,,,,,N,4,0,1,2,C,-,18,,,N,B,G,A,A,H,-,A,D,0,,Y,,,Y,,-,- ,0,0,1,0,0,0,1,0,0,- ,- ,,,LOS ANGELES,LOS ANGELES,-118.2788975,34.24737724
4982753,2010,8/5/2011,1942,7/10/2010,1400,34426,1162,6,5,7,1942,0,0,0,K,0,1TL24,VERMONT AV,SUNSET BL,75,N,N,A,-,N,,,,,,,,,,N,3,0,1,2,A,-,7,21658,A,N,H,G,A,A,H,-,A,A,0,,Y,,,Y,,L,4,0,1,0,0,0,0,1,0,0,- ,- ,,,LOS ANGELES,LOS ANGELES,-118.2917866,34.09836055
4815627,2010,7/13/2011,1942,7/11/2010,1200,37469,831,7,5,7,1942,0,0,0,H,0,7TL23,MONTANA AV,AMHERST AV,87,S,N,A,-,N,,,,,,,,,,N,3,0,1,2,C,-,18,,,N,B,G,A,A,H,-,A,D,0,,Y,,,Y,,-,- ,0,1,0,0,0,0,1,0,0,- ,- ,,,LOS ANGELES,LOS ANGELES,-118.4756278,34.04804862
4947844,2010,8/10/2011,1942,7/11/2010,1700,38522,517,7,5,7,1942,0,0,0,E,0,12T73,L ST,BROAD AV,173,E,N,A,-,N,,,,,,,,,,N,3,0,2,2,A,-,5,21650,,N,D,G,A,A,H,-,A,D,0,,Y,,,Y,,L,4,0,1,1,0,0,0,1,0,0,- ,- ,,,LOS ANGELES,LOS ANGELES,-118.2607751,33.78681636
4812148,2010,12/2/2011,9575,7/11/2010,2140,19815,,7,2,7,1942,0,1,1,,2,52,RT 5,TUXFORD ST,8,N,N,A,-,Y,LA,7,5,-,-,34.795,R,1,N,N,4,0,1,2,A,-,9,21802,A,N,D,G,A,A,H,-,C,D,1,,Y,,,Y,,A,7,0,0,1,0,0,0,1,0,0,- ,- ,34.22543,-118.38403,LOS ANGELES,LOS ANGELES,-118.3864497,34.22655206
4815619,2010,7/13/2011,1942,7/11/2010,1950,39212,884,7,5,7,1942,0,0,0,H,0,8TL35,PICO BL,SEPULVEDA BL,0,,Y,A,-,N,,,,,,,,,,N,4,0,1,2,A,-,9,21801,A,N,A,G,A,A,H,-,C,D,0,,Y,,,Y,,L,4,0,0,1,0,0,0,1,0,0,- ,- ,,,LOS ANGELES,LOS ANGELES,-118.4351622,34.03694488
4825892,2010,6/22/2011,1942,7/11/2010,1020,30830,1982,7,5,7,1942,0,0,0,,0,16T23,PARTHENIA ST,KESTER AV,514,W,N,B,-,N,,,,,,,,,,N,3,0,2,2,A,-,5,21650,,N,A,G,A,A,H,-,A,D,0,,Y,Y,,Y,,L,4,0,2,0,0,0,0,1,0,1,- ,- ,,,LOS ANGELES,LOS ANGELES,-118.4591796,34.2282949
4812538,2010,7/13/2011,1942,7/12/2010,1720,34634,2142,1,5,7,1942,0,0,0,,0,35M83,PLATT,SHERMAN WY,0,,Y,A,-,N,,,,,,,,,,N,4,0,1,2,A,-,5,21650,1,N,A,G,A,A,H,-,A,A,0,,Y,,,Y,,L,4,0,0,1,0,0,0,1,0,0,- ,- ,,,LOS ANGELES,LOS ANGELES,-118.6390122,34.19679488
4877542,2010,8/15/2011,1942,7/12/2010,1700,39449,1802,1,5,7,1942,0,0,0,R,0,18T39,MANCHESTER AV,BROADWAY,280,E,N,A,-,N,,,,,,,,,,N,3,0,1,2,A,-,8,22100,A,N,H,G,A,A,H,-,A,D,0,,Y,,,Y,,A,7,0,1,0,0,0,0,1,0,0,- ,- ,,,LOS ANGELES,LOS ANGELES,-118.2791404,33.96001178
4812546,2010,7/13/2011,1942,7/12/2010,1445,38183,1544,1,5,7,1942,0,0,0,O,0,10TL32,WHITSETT AV,LA MAIDA ST,5,N,N,A,-,N,,,,,,,,,,N,3,0,1,2,A,-,9,21802,A,F,H,G,A,A,H,-,A,A,0,,Y,,,Y,,-,99,0,1,0,0,0,0,1,0,0,- ,- ,,,LOS ANGELES,LOS ANGELES,-118.4052522,34.15852861
4811075,2010,8/1/2011,1942,7/12/2010,855,39184,1361,1,5,7,1942,0,0,0,M,0,1TL11W,BROADWAY,51ST ST,0,,Y,A,-,N,,,,,,,,,,N,4,0,1,2,A,-,12,21453,A,F,H,G,A,A,H,-,A,A,0,,Y,,,Y,,-,99,0,0,1,0,0,0,1,0,0,- ,- ,,,LOS ANGELES,LOS ANGELES,-118.2783321,33.99648488
4823446,2010,7/11/2011,1942,7/12/2010,920,39217,2177,1,5,7,1942,0,0,0,,0,17TL13,DE SOTO,BURBANK BL,150,N,N,A,-,N,,,,,,,,,,N,3,0,1,2,A,-,5,21650,,N,H,G,A,A,H,-,A,D,0,,Y,,,Y,,A,7,0,1,0,0,0,0,1,0,0,- ,- ,,,LOS ANGELES,LOS ANGELES,-118.5882962,34.17370292
4816956,2010,7/13/2011,1942,7/13/2010,1600,40058,2069,2,5,7,1942,0,0,0,,0,20A54,MENLO AV,PICO BL,0,,Y,A,-,N,,,,,,,,,,N,3,0,1,2,A,-,5,21650,1,N,D,G,A,A,H,-,A,D,0,,Y,,,Y,,L,4,0,1,0,0,0,0,1,0,0,- ,- ,,,LOS ANGELES,LOS ANGELES,-118.2907121,34.04725489
4823504,2010,7/11/2011,1942,7/13/2010,1900,37800,1035,2,5,7,1942,0,0,0,J,0,17TL16,DARBY AV,KITTRIDGE ST,300,N,N,A,-,N,,,,,,,,,,N,3,0,1,2,A,-,9,21804,A,N,D,G,A,A,H,-,A,D,0,,Y,,,Y,,A,1,0,1,0,0,0,0,1,0,0,- ,- ,,,LOS ANGELES,LOS ANGELES,-118.5334999,34.19103783
4816940,2010,7/13/2011,1942,7/13/2010,1610,39302,2033,2,5,7,1942,0,0,0,,0,7A58,OXFORD AV,WILSHIRE BL,300,S,N,A,-,N,,,,,,,,,,N,4,0,1,2,A,-,9,21802,A,N,D,G,A,A,H,-,A,D,0,,Y,,,Y,,A,8,0,0,1,0,0,0,1,0,0,- ,- ,,,LOS ANGELES,LOS ANGELES,-118.3078595,34.06087221
4935850,2010,8/10/2011,1942,7/13/2010,2340,36399,355,2,5,7,1942,0,0,0,C,0,12T41,WESTERN AV,35TH ST,45,N,N,A,-,N,,,,,,,,,,N,3,0,1,2,A,-,3,22350,,F,B,G,A,A,H,-,C,D,0,,Y,,,Y,,-,99,0,1,0,0,0,0,1,0,0,- ,- ,,,LOS ANGELES,LOS ANGELES,-118.3089135,34.02475829
4814113,2010,8/25/2011,1942,7/14/2010,1700,33886,1999,3,5,7,1942,0,0,0,,0,,WOODMAN AV,SATICOY ST,0,,Y,A,-,N,,,,,,,,,,N,3,0,1,2,D,-,0,,,F,H,G,A,A,H,-,-,A,0,,Y,,,Y,,-,- ,0,1,0,0,0,0,1,0,0,- ,- ,,,LOS ANGELES,LOS ANGELES,-118.4311622,34.2094349
4824425,2010,7/6/2011,1942,7/14/2010,1135,38119,964,3,5,7,1942,0,0,0,I,0,9TL55,HAZELTINE AV,RIVERSIDE DR,250,S,N,A,-,N,,,,,,,,,,N,3,0,1,2,A,-,5,21650,1,N,D,G,A,-,H,-,A,A,0,,Y,,,Y,,L,4,0,1,0,0,0,0,1,0,0,- ,- ,,,LOS ANGELES,LOS ANGELES,-118.4399822,34.15690916
4831208,2010,7/18/2011,1942,7/14/2010,710,39804,817,3,5,7,1942,0,0,0,H,0,6T7,GAYLEY AV,WEYBURN AV,74,S,N,A,-,N,,,,,,,,,,N,4,0,1,2,A,-,17,22517,,N,H,G,A,A,H,-,A,D,0,,Y,,,Y,,A,1,0,0,1,0,0,0,1,0,0,- ,- ,,,LOS ANGELES,LOS ANGELES,-118.447853,34.06180269
4861005,2010,7/29/2011,1942,7/14/2010,1805,39062,158,3,5,7,1942,0,0,0,A,0,13TL22,7TH ST,STANFORD AV,0,,Y,A,-,N,,,,,,,,,,N,4,0,1,2,A,-,12,21453,A,F,D,G,A,A,H,-,A,A,0,,Y,,,Y,,-,99,0,0,1,0,0,0,1,0,0,- ,- ,,,LOS ANGELES,LOS ANGELES,-118.2444121,34.03905489